[
    {
        "name": "QuantumSoft",
        "description": "A startup focused on developing quantum computing software.",
        "icon": "https://www.google.com/",
        "title": "Google",
        "currencies": [
            "USD",
            " EUR",
            " GBP"
        ],
        "ownerId": "3037df6b-a4a5-4156-a128-d0e7da39c078",
        "config": {},
        "mxUrl": "quantumsoft.aidtaas.ai",
        "serpLocation": {},
        "parentPlatformId": "664afc3caf2dfa4e7eeda5db",
        "platformConfig": {},
        "platformMasterConfig": {
            "mission": "Revolutionize computing with quantum technology.",
            "vision": "To be the leading quantum software provider globally.",
            "values": [
                "Innovation",
                " Integrity",
                " Collaboration"
            ],
            "legalBusinessname": "QuantumSoft Inc.",
            "organisationLogo": "logo-quantumsoft.png",
            "businessregistrationNumber": 12345678,
            "businessAddress": "123 Quantum Lane, Tech City",
            "postalCode": 90001,
            "city": "Los Angeles",
            "state": "California",
            "emailId": "info@quantumsoft.com",
            "contactNumber": "45664653",
            "cikKey": "545",
            "crunchBaseUrl": "45646555",
            "nationalBbbId": "4564565",
            "regionalBbbId": "568765132",
            "themeColourPrimary": "#FFFFF",
            "themeColourSecondary": "#FFFFF",
            "themeColourBackGround": "#FFFF",
            "themeColourText": "#FFFF",
            "themeIcons": "Flex Line",
            "themeFontHeading": "Lato",
            "themeFontBody": "Loto",
            "allowPersonalisation": "true",
            "loginThemeColour": "#FFFF",
            "loginImage": "https://media.licdn.com/dms/image/C510BAQGNxm-cQ3-WcA/company-logo_200_200/0/1569563107210?e=2147483647&v=beta&t=eVl9vEFsun42_l7ZPDS6BosDnK-XkdoeNG37K338lhY",
            "errorThemeColour": "#FFFF",
            "errorImage": "https://img.freepik.com/free-vector/glitch-error-404-page-background_23-2148072533.jpg",
            "storeFrontThemeColour": "#FFFF",
            "storeFrontImage": "abc",
            "productThemeColour": "#FFFF",
            "productImage": "abc",
            "productListingType": "Compact",
            "productListingBackground": "abc",
            "allowNatureMarketPlace": "true",
            "NatureMarketPlaceType": "Traditional",
            "allowMarketPlaceType": "true",
            "marketPlaceType": "Org Public",
            "allowInvitesExpire": "true",
            "invitesExpire": "30Days",
            "allowCommunicate": "true",
            "allowTenantToAdd": "true",
            "newParticipants": [
                "XP only",
                "More than 10 alliances"
            ],
            "allowTypeOfTenants": "true",
            "typeOfTenants": [
                "All types"
            ],
            "requireCoolDown": "true",
            "coolDownPeriod": "1month",
            "allowAllianceFormation": "true",
            "allianceOperatorApproval": [
                "Always",
                "Tenants <365days old"
            ],
            "requireApprovalExit": "true",
            "exitAlliance": [
                "For ARR >300k USD",
                "For ARR >100k USD"
            ],
            "dissolveAlliance": "Operator only"
        }
    },
    {
        "name": "FashionHub",
        "description": "An online platform for fashion and lifestyle products.",
        "icon": "https://www.google.com/",
        "title": "Google",
        "currencies": [
            "USD",
            " CAD",
            " AUD"
        ],
        "ownerId": "3037df6b-a4a5-4156-a128-d0e7da39c078",
        "config": {},
        "mxUrl": "fashionhub.aidtaas.ai",
        "serpLocation": {},
        "parentPlatformId": "664afc3caf2dfa4e7eeda5db",
        "platformConfig": {},
        "platformMasterConfig": {
            "mission": "To provide quality fashion products at affordable prices.",
            "vision": "To become the top e-commerce platform for fashion globally.",
            "values": [
                "Customer Focus",
                " Quality",
                " Sustainability"
            ],
            "legalBusinessname": "FashionHub LLC",
            "organisationLogo": "logo-fashionhub.png",
            "businessregistrationNumber": 98765432,
            "businessAddress": "789 Fashion Ave, Commerce City",
            "postalCode": 10018,
            "city": "New York",
            "state": "New York",
            "emailId": "contact@fashionhub.com",
            "contactNumber": "45664653",
            "cikKey": "545",
            "crunchBaseUrl": "45646555",
            "nationalBbbId": "4564565",
            "regionalBbbId": "568765132",
            "themeColourPrimary": "#FFFFF",
            "themeColourSecondary": "#FFFFF",
            "themeColourBackGround": "#FFFF",
            "themeColourText": "#FFFF",
            "themeIcons": "Flex Line",
            "themeFontHeading": "Lato",
            "themeFontBody": "Loto",
            "allowPersonalisation": "true",
            "loginThemeColour": "#FFFF",
            "loginImage": "https://media.licdn.com/dms/image/C510BAQGNxm-cQ3-WcA/company-logo_200_200/0/1569563107210?e=2147483647&v=beta&t=eVl9vEFsun42_l7ZPDS6BosDnK-XkdoeNG37K338lhY",
            "errorThemeColour": "#FFFF",
            "errorImage": "https://img.freepik.com/free-vector/glitch-error-404-page-background_23-2148072533.jpg",
            "storeFrontThemeColour": "#FFFF",
            "storeFrontImage": "abc",
            "productThemeColour": "#FFFF",
            "productImage": "abc",
            "productListingType": "Compact",
            "productListingBackground": "abc",
            "allowNatureMarketPlace": "true",
            "NatureMarketPlaceType": "Traditional",
            "allowMarketPlaceType": "true",
            "marketPlaceType": "Org Public",
            "allowInvitesExpire": "true",
            "invitesExpire": "30Days",
            "allowCommunicate": "true",
            "allowTenantToAdd": "true",
            "newParticipants": [
                "XP only",
                "More than 10 alliances"
            ],
            "allowTypeOfTenants": "true",
            "typeOfTenants": [
                "All types"
            ],
            "requireCoolDown": "true",
            "coolDownPeriod": "1month",
            "allowAllianceFormation": "true",
            "allianceOperatorApproval": [
                "Always",
                "Tenants <365days old"
            ],
            "requireApprovalExit": "true",
            "exitAlliance": [
                "For ARR >300k USD",
                "For ARR >100k USD"
            ],
            "dissolveAlliance": "Operator only"
        }
    },
    {
        "name": "FinSecure",
        "description": "A financial services company providing insurance and investment products.",
        "icon": "https://www.google.com/",
        "title": "Google",
        "currencies": [
            "USD",
            " EUR",
            " JPY"
        ],
        "ownerId": "3037df6b-a4a5-4156-a128-d0e7da39c078",
        "config": {},
        "mxUrl": "finsecure.aidtaas.ai",
        "serpLocation": {},
        "parentPlatformId": "664afc3caf2dfa4e7eeda5db",
        "platformConfig": {},
        "platformMasterConfig": {
            "mission": "To provide reliable financial solutions for our customers' peace of mind.",
            "vision": "To be the most trusted financial partner for individuals and businesses.",
            "values": [
                "Trust",
                " Reliability",
                " Innovation"
            ],
            "legalBusinessname": "FinSecure Corp.",
            "organisationLogo": "logo-finsecure.png",
            "businessregistrationNumber": 45678901,
            "businessAddress": "456 Finance St, Financial District",
            "postalCode": 30303,
            "city": "Atlanta",
            "state": "Georgia",
            "emailId": "support@finsecure.com",
            "contactNumber": "45664653",
            "cikKey": "545",
            "crunchBaseUrl": "45646555",
            "nationalBbbId": "4564565",
            "regionalBbbId": "568765132",
            "themeColourPrimary": "#FFFFF",
            "themeColourSecondary": "#FFFFF",
            "themeColourBackGround": "#FFFF",
            "themeColourText": "#FFFF",
            "themeIcons": "Flex Line",
            "themeFontHeading": "Lato",
            "themeFontBody": "Loto",
            "allowPersonalisation": "true",
            "loginThemeColour": "#FFFF",
            "loginImage": "https://media.licdn.com/dms/image/C510BAQGNxm-cQ3-WcA/company-logo_200_200/0/1569563107210?e=2147483647&v=beta&t=eVl9vEFsun42_l7ZPDS6BosDnK-XkdoeNG37K338lhY",
            "errorThemeColour": "#FFFF",
            "errorImage": "https://img.freepik.com/free-vector/glitch-error-404-page-background_23-2148072533.jpg",
            "storeFrontThemeColour": "#FFFF",
            "storeFrontImage": "abc",
            "productThemeColour": "#FFFF",
            "productImage": "abc",
            "productListingType": "Compact",
            "productListingBackground": "abc",
            "allowNatureMarketPlace": "true",
            "NatureMarketPlaceType": "Traditional",
            "allowMarketPlaceType": "true",
            "marketPlaceType": "Org Public",
            "allowInvitesExpire": "true",
            "invitesExpire": "30Days",
            "allowCommunicate": "true",
            "allowTenantToAdd": "true",
            "newParticipants": [
                "XP only",
                "More than 10 alliances"
            ],
            "allowTypeOfTenants": "true",
            "typeOfTenants": [
                "All types"
            ],
            "requireCoolDown": "true",
            "coolDownPeriod": "1month",
            "allowAllianceFormation": "true",
            "allianceOperatorApproval": [
                "Always",
                "Tenants <365days old"
            ],
            "requireApprovalExit": "true",
            "exitAlliance": [
                "For ARR >300k USD",
                "For ARR >100k USD"
            ],
            "dissolveAlliance": "Operator only"
        }
    }
]